[
{
  "model": "catalogo.marca",
  "pk": 1,
  "fields": {
    "nombre": "Crem Helado"
  }
},
{
  "model": "catalogo.marca",
  "pk": 2,
  "fields": {
    "nombre": "Popsy"
  }
},
{
  "model": "catalogo.marca",
  "pk": 3,
  "fields": {
    "nombre": "Colombina"
  }
},
{
  "model": "catalogo.marca",
  "pk": 4,
  "fields": {
    "nombre": "Colanta"
  }
},
{
  "model": "catalogo.presentacion",
  "pk": 1,
  "fields": {
    "nombre": "Paleta",
    "descripcion": "Helado en paleta"
  }
},
{
  "model": "catalogo.presentacion",
  "pk": 2,
  "fields": {
    "nombre": "Cono",
    "descripcion": "Helado servido en cono"
  }
},
{
  "model": "catalogo.presentacion",
  "pk": 3,
  "fields": {
    "nombre": "Galleta",
    "descripcion": "Helado tipo sandwich o galleta"
  }
},
{
  "model": "catalogo.presentacion",
  "pk": 4,
  "fields": {
    "nombre": "Vasito",
    "descripcion": "Helado en vaso"
  }
},
{
  "model": "catalogo.presentacion",
  "pk": 5,
  "fields": {
    "nombre": "Torta",
    "descripcion": "Torta de helado"
  }
},
{
  "model": "catalogo.presentacion",
  "pk": 6,
  "fields": {
    "nombre": "Combo",
    "descripcion": "Combinación promocional de productos"
  }
},
{
  "model": "catalogo.presentacion",
  "pk": 7,
  "fields": {
    "nombre": "Litro",
    "descripcion": "Helado en presentación de litro"
  }
},
{
  "model": "catalogo.presentacion",
  "pk": 8,
  "fields": {
    "nombre": "Tarrina",
    "descripcion": "Helado en tarrina"
  }
},
{
  "model": "catalogo.producto",
  "pk": 1,
  "fields": {
    "nombre": "Paleta Aloha Limón",
    "descripcion": "Paleta sabor limón",
    "marca": 1,
    "presentacion": 1,
    "precio": "2000.00",
    "imagen": "https://www.tiendacremhelado.com.co/p/paleta-aloha-limon/",
    "stock": 50
  }
},
{
  "model": "catalogo.producto",
  "pk": 2,
  "fields": {
    "nombre": "Paleta Aloha Mango biche",
    "descripcion": "Paleta sabor mango biche",
    "marca": 1,
    "presentacion": 1,
    "precio": "3000.00",
    "imagen": "https://www.tiendacremhelado.com.co/p/paleta-aloha-mango-biche/",
    "stock": 50
  }
},
{
  "model": "catalogo.producto",
  "pk": 3,
  "fields": {
    "nombre": "Paleta Aloha Naranja",
    "descripcion": "Paleta sabor naranja",
    "marca": 1,
    "presentacion": 1,
    "precio": "2000.00",
    "imagen": "https://cdn1.totalcommerce.cloud/cremhelado/product-zoom/es/paleta-aloha-naranja-3.webp",
    "stock": 50
  }
},
{
  "model": "catalogo.producto",
  "pk": 4,
  "fields": {
    "nombre": "Paleta CHOCOLISTO Chocolate",
    "descripcion": "Paleta sabor chocolate",
    "marca": 1,
    "presentacion": 1,
    "precio": "2500.00",
    "imagen": "https://cdn1.totalcommerce.cloud/cremhelado/product-zoom/es/paleta-chocolisto-chocolate-1.webp",
    "stock": 50
  }
},
{
  "model": "catalogo.producto",
  "pk": 5,
  "fields": {
    "nombre": "Paleta JET Vainilla-Chocolate",
    "descripcion": "Paleta de vainilla y chocolate",
    "marca": 1,
    "presentacion": 1,
    "precio": "5000.00",
    "imagen": "https://cdn1.totalcommerce.cloud/cremhelado/product-zoom/es/paleta-jet-vainilla_-chocolate-1.webp",
    "stock": 50
  }
},
{
  "model": "catalogo.producto",
  "pk": 6,
  "fields": {
    "nombre": "Paleta POLET Caramelo Crocante",
    "descripcion": "Paleta sabor caramelo crocante",
    "marca": 1,
    "presentacion": 1,
    "precio": "7000.00",
    "imagen": "https://cdn1.totalcommerce.cloud/cremhelado/product-zoom/es/paleta-polet-caramelo-crocante-1.webp",
    "stock": 50
  }
},
{
  "model": "catalogo.producto",
  "pk": 7,
  "fields": {
    "nombre": "Paleta Polet Chocoavellana",
    "descripcion": "Paleta sabor chocoavellana",
    "marca": 1,
    "presentacion": 1,
    "precio": "7000.00",
    "imagen": "https://www.tiendacremhelado.com.co/p/paleta-polet-chocoavellana/",
    "stock": 50
  }
},
{
  "model": "catalogo.producto",
  "pk": 8,
  "fields": {
    "nombre": "Paleta Polet Cookies & Cream",
    "descripcion": "Paleta sabor cookies and cream",
    "marca": 1,
    "presentacion": 1,
    "precio": "6000.00",
    "imagen": "https://cdn1.totalcommerce.cloud/cremhelado/product-zoom/es/paleta-polet-cookies-%26-cream-1.webp",
    "stock": 50
  }
},
{
  "model": "catalogo.producto",
  "pk": 9,
  "fields": {
    "nombre": "Paleta Polet Frutos Rojos",
    "descripcion": "Paleta sabor frutos rojos",
    "marca": 1,
    "presentacion": 1,
    "precio": "6000.00",
    "imagen": "https://cdn1.totalcommerce.cloud/cremhelado/product-zoom/es/paleta-polet-frutos-rojos-2.webp",
    "stock": 50
  }
},
{
  "model": "catalogo.producto",
  "pk": 10,
  "fields": {
    "nombre": "Paleta TOSH Fresa",
    "descripcion": "Paleta sabor fresa",
    "marca": 1,
    "presentacion": 1,
    "precio": "3500.00",
    "imagen": "https://cdn1.totalcommerce.cloud/cremhelado/product-zoom/es/paleta-tosh-fresa-1.webp",
    "stock": 50
  }
},
{
  "model": "catalogo.producto",
  "pk": 11,
  "fields": {
    "nombre": "Paleta TOSH Pasión",
    "descripcion": "Paleta sabor pasión",
    "marca": 1,
    "presentacion": 1,
    "precio": "3700.00",
    "imagen": "https://cdn1.totalcommerce.cloud/cremhelado/product-zoom/es/paleta-tosh-pasion-1.webp",
    "stock": 50
  }
},
{
  "model": "catalogo.producto",
  "pk": 12,
  "fields": {
    "nombre": "Paleta TOSH Piña",
    "descripcion": "Paleta sabor piña",
    "marca": 1,
    "presentacion": 1,
    "precio": "3500.00",
    "imagen": "https://appmedifarma.com/wp-content/uploads/2023/03/643971.jpg",
    "stock": 50
  }
},
{
  "model": "catalogo.producto",
  "pk": 13,
  "fields": {
    "nombre": "Cono Bocatto Brownie Caramelo",
    "descripcion": "Cono sabor brownie caramelo",
    "marca": 1,
    "presentacion": 2,
    "precio": "5700.00",
    "imagen": "https://cdn1.totalcommerce.cloud/cremhelado/product-zoom/es/cono-bocatto-brownie-caramelo-1.webp",
    "stock": 50
  }
},
{
  "model": "catalogo.producto",
  "pk": 14,
  "fields": {
    "nombre": "Cono Bocatto Fresa",
    "descripcion": "Cono sabor fresa",
    "marca": 1,
    "presentacion": 2,
    "precio": "5700.00",
    "imagen": "https://cdn1.totalcommerce.cloud/cremhelado/product-zoom/es/cono-bocatto-fresa-1.webp",
    "stock": 50
  }
},
{
  "model": "catalogo.producto",
  "pk": 15,
  "fields": {
    "nombre": "Cono Bocatto Tres Leches",
    "descripcion": "Cono sabor tres leches",
    "marca": 1,
    "presentacion": 2,
    "precio": "5700.00",
    "imagen": "https://www.tiendacremhelado.com.co/p/cono-bocatto-tres-leches/",
    "stock": 50
  }
},
{
  "model": "catalogo.producto",
  "pk": 16,
  "fields": {
    "nombre": "Cono Chococono",
    "descripcion": "Cono clásico de chocolate",
    "marca": 1,
    "presentacion": 2,
    "precio": "3500.00",
    "imagen": "https://cdn1.totalcommerce.cloud/cremhelado/product-zoom/es/cono-chococono-2.webp",
    "stock": 50
  }
},
{
  "model": "catalogo.producto",
  "pk": 17,
  "fields": {
    "nombre": "Cono CHOCOCONO CHOCOKRISPIS",
    "descripcion": "Cono con chocokripis",
    "marca": 1,
    "presentacion": 2,
    "precio": "4500.00",
    "imagen": "https://www.tiendacremhelado.com.co/p/cono-chococono-chocokrispis/",
    "stock": 50
  }
},
{
  "model": "catalogo.producto",
  "pk": 18,
  "fields": {
    "nombre": "Cono CHOCOCONO FLOW",
    "descripcion": "Cono flow",
    "marca": 1,
    "presentacion": 2,
    "precio": "4000.00",
    "imagen": "https://www.tiendacremhelado.com.co/p/cono-chococono-flow/",
    "stock": 50
  }
},
{
  "model": "catalogo.producto",
  "pk": 19,
  "fields": {
    "nombre": "Cono CHOCOCONO MINI",
    "descripcion": "Cono mini",
    "marca": 1,
    "presentacion": 2,
    "precio": "2500.00",
    "imagen": "https://www.tiendacremhelado.com.co/p/cono-chococono-mini/",
    "stock": 50
  }
},
{
  "model": "catalogo.producto",
  "pk": 20,
  "fields": {
    "nombre": "Galleta con Helado Arequipe",
    "descripcion": "Galleta con helado sabor arequipe",
    "marca": 1,
    "presentacion": 3,
    "precio": "3500.00",
    "imagen": "https://www.tiendacremhelado.com.co/p/galleta-con-helado-arequipe/",
    "stock": 50
  }
},
{
  "model": "catalogo.producto",
  "pk": 21,
  "fields": {
    "nombre": "Galleta con Helado NI Napolitano",
    "descripcion": "Galleta con helado napolitano",
    "marca": 1,
    "presentacion": 3,
    "precio": "3500.00",
    "imagen": "https://cdn1.totalcommerce.cloud/cremhelado/product-zoom/es/galleta-con-helado-ni-napolitano-1.webp",
    "stock": 50
  }
},
{
  "model": "catalogo.producto",
  "pk": 22,
  "fields": {
    "nombre": "Galleta con Helado Vainilla Pasas",
    "descripcion": "Galleta con helado sabor vainilla pasas",
    "marca": 1,
    "presentacion": 3,
    "precio": "3500.00",
    "imagen": "https://cdn1.totalcommerce.cloud/cremhelado/product-zoom/es/galleta-con-helado-vainilla.pasas-1.webp",
    "stock": 50
  }
},
{
  "model": "catalogo.producto",
  "pk": 23,
  "fields": {
    "nombre": "Vaso KIDS Nube Colorida",
    "descripcion": "Helado en vaso infantil",
    "marca": 1,
    "presentacion": 4,
    "precio": "3200.00",
    "imagen": "https://cdn1.totalcommerce.cloud/cremhelado/product-zoom/es/vaso-kids-nube-colorida-1.webp",
    "stock": 50
  }
},
{
  "model": "catalogo.producto",
  "pk": 24,
  "fields": {
    "nombre": "Vaso Kola Aloha",
    "descripcion": "Helado en vaso sabor kola",
    "marca": 1,
    "presentacion": 4,
    "precio": "4500.00",
    "imagen": "https://cdn1.totalcommerce.cloud/cremhelado/product-zoom/es/vaso-kola-aloha-1.webp",
    "stock": 50
  }
},
{
  "model": "catalogo.producto",
  "pk": 25,
  "fields": {
    "nombre": "Torta Juan Valdez",
    "descripcion": "Torta de helado de 8 porciones",
    "marca": 2,
    "presentacion": 5,
    "precio": "48900.00",
    "imagen": "https://corporativo.heladospopsy.com/wp-content/uploads/2023/06/TORTA-JUAN-VALDEZ-400X400.png.webp",
    "stock": 50
  }
},
{
  "model": "catalogo.producto",
  "pk": 26,
  "fields": {
    "nombre": "Torta Crema de Limón",
    "descripcion": "Torta de helado de 8 porciones",
    "marca": 2,
    "presentacion": 5,
    "precio": "48900.00",
    "imagen": "https://corporativo.heladospopsy.com/wp-content/uploads/2023/06/TORTA-LIMON-400X400.png.webp",
    "stock": 50
  }
},
{
  "model": "catalogo.producto",
  "pk": 27,
  "fields": {
    "nombre": "Postre Milky Way",
    "descripcion": "Postre de helado de 6 porciones",
    "marca": 2,
    "presentacion": 5,
    "precio": "48900.00",
    "imagen": "https://corporativo.heladospopsy.com/wp-content/uploads/2023/06/torta.png.webp",
    "stock": 50
  }
},
{
  "model": "catalogo.producto",
  "pk": 28,
  "fields": {
    "nombre": "Torta de Helado Frutos del Bosque",
    "descripcion": "Torta de helado de 12 porciones",
    "marca": 2,
    "presentacion": 5,
    "precio": "61900.00",
    "imagen": "https://corporativo.heladospopsy.com/wp-content/uploads/2023/06/TORTA-FRUTOS-DEL-BOSQUE-400X400.png.webp",
    "stock": 50
  }
},
{
  "model": "catalogo.producto",
  "pk": 29,
  "fields": {
    "nombre": "Torta de Helado Oreo",
    "descripcion": "Torta de helado de 12 porciones",
    "marca": 2,
    "presentacion": 5,
    "precio": "61900.00",
    "imagen": "https://corporativo.heladospopsy.com/wp-content/uploads/2023/06/TORTA-OREO-400X400.png.webp",
    "stock": 50
  }
},
{
  "model": "catalogo.producto",
  "pk": 30,
  "fields": {
    "nombre": "Paleta Mandarina Agua Pack x 4 Und",
    "descripcion": "Paleta de agua sabor mandarina pack por 4 unidades",
    "marca": 2,
    "presentacion": 1,
    "precio": "25900.00",
    "imagen": "https://corporativo.heladospopsy.com/wp-content/uploads/2023/06/multipackagua.png.webp",
    "stock": 50
  }
},
{
  "model": "catalogo.producto",
  "pk": 31,
  "fields": {
    "nombre": "Paleta Gourmet Selecta Juan Valdez pack x 4 und",
    "descripcion": "Paleta gourmet con café y salsa de caramelo",
    "marca": 2,
    "presentacion": 1,
    "precio": "35900.00",
    "imagen": "https://corporativo.heladospopsy.com/wp-content/uploads/2023/06/mjuan.png.webp",
    "stock": 50
  }
},
{
  "model": "catalogo.producto",
  "pk": 32,
  "fields": {
    "nombre": "Paleta Gourmet Selecta Oreo pack x 4 und",
    "descripcion": "Paleta gourmet con galleta Oreo",
    "marca": 2,
    "presentacion": 1,
    "precio": "35900.00",
    "imagen": "https://corporativo.heladospopsy.com/wp-content/uploads/2023/06/moreo.png.webp",
    "stock": 50
  }
},
{
  "model": "catalogo.producto",
  "pk": 33,
  "fields": {
    "nombre": "Paleta Cremosa Cereza Italiana Pack x 4 Und",
    "descripcion": "Paleta cremosa sabor cereza italiana",
    "marca": 2,
    "presentacion": 1,
    "precio": "35900.00",
    "imagen": "https://corporativo.heladospopsy.com/wp-content/uploads/2023/06/Proyecto-nuevo-2.png.webp",
    "stock": 50
  }
},
{
  "model": "catalogo.producto",
  "pk": 34,
  "fields": {
    "nombre": "Paleta Cremosa Vainilla",
    "descripcion": "Paleta cremosa sabor vainilla",
    "marca": 2,
    "presentacion": 1,
    "precio": "35900.00",
    "imagen": "https://encrypted-tbn2.gstatic.com/shopping?q=tbn:ANd9GcTq7sYs65VpFeOmnKTyCUVe95GWOCm7MlRqH-sWNfNNtFiEE0dwhJ4KrF8Bl91QdEHcRj3NPQyk3TVtDUlQUuYsm9D39fFd5azyOQf7aviH7TIEVyOjo7jp1Q",
    "stock": 50
  }
},
{
  "model": "catalogo.producto",
  "pk": 36,
  "fields": {
    "nombre": "Tarrina Maracuyá Nieve",
    "descripcion": "Tarrina sabor maracuyá",
    "marca": 2,
    "presentacion": 8,
    "precio": "39900.00",
    "imagen": "https://corporativo.heladospopsy.com/wp-content/uploads/2023/03/MaracuyaNieve-min.png.webp",
    "stock": 50
  }
},
{
  "model": "catalogo.producto",
  "pk": 37,
  "fields": {
    "nombre": "Tarrina Ron con Pasas",
    "descripcion": "Tarrina sabor ron con pasas",
    "marca": 2,
    "presentacion": 8,
    "precio": "39900.00",
    "imagen": "https://www.megatiendas.co/helado-popsy-ron-con-pasas-x-60-g-7705890993502/p?srsltid=AfmBOoq0G1bPlT0jiCtVQcUyZDRUEhyydBxtxygqmMoP1_2NMqh7RgQ_",
    "stock": 50
  }
},
{
  "model": "catalogo.producto",
  "pk": 39,
  "fields": {
    "nombre": "Tarrina Chocolate Belga",
    "descripcion": "Tarrina sabor chocolate belga",
    "marca": 2,
    "presentacion": 8,
    "precio": "39900.00",
    "imagen": "https://carulla.vteximg.com.br/arquivos/ids/24770405/Helado-Cremoso-Chocolate-Belga-Gourmet-X-1-lt-644685_a.jpg?v=639100394618200000",
    "stock": 50
  }
},
{
  "model": "catalogo.producto",
  "pk": 40,
  "fields": {
    "nombre": "Extra Litro Frutos del Bosque Gourmet",
    "descripcion": "Helado litro sabor frutos del bosque",
    "marca": 2,
    "presentacion": 7,
    "precio": "39900.00",
    "imagen": "https://encrypted-tbn0.gstatic.com/images?q=tbn:ANd9GcSmnM6l6jrBBJHA7fwB-ANu18xDBQe3TEQYG_HfOnwXOA&s",
    "stock": 50
  }
},
{
  "model": "catalogo.producto",
  "pk": 41,
  "fields": {
    "nombre": "Extra Litro Oreo Gourmet",
    "descripcion": "Helado litro sabor Oreo",
    "marca": 2,
    "presentacion": 7,
    "precio": "46900.00",
    "imagen": "https://prodcdnmobisoft.oxxodomicilios.com/01J1YA39EGNMVZ49766ACY06HR.png",
    "stock": 50
  }
},
{
  "model": "catalogo.producto",
  "pk": 42,
  "fields": {
    "nombre": "Litro Arequipe Gourmet",
    "descripcion": "Helado litro sabor arequipe",
    "marca": 2,
    "presentacion": 7,
    "precio": "39900.00",
    "imagen": "https://www.facebook.com/HeladosPopsy/photos/cu%C3%A1l-es-tu-momento-perfecto-para-un-litro-de-helado-nunca-es-muy-temprano-o-muy-/5190243924373215/",
    "stock": 50
  }
},
{
  "model": "catalogo.producto",
  "pk": 43,
  "fields": {
    "nombre": "Litro Chocolate Gourmet",
    "descripcion": "Helado litro sabor chocolate",
    "marca": 2,
    "presentacion": 7,
    "precio": "39900.00",
    "imagen": "https://exitocol.vtexassets.com/arquivos/ids/32877573/Helado-Cremoso-De-Chocolate-Gourmet-X-1-lt-598342_a.jpg?v=639100394584030000",
    "stock": 50
  }
},
{
  "model": "catalogo.producto",
  "pk": 44,
  "fields": {
    "nombre": "Litro Chocolate Belga Gourmet",
    "descripcion": "Helado litro sabor chocolate belga",
    "marca": 2,
    "presentacion": 7,
    "precio": "39900.00",
    "imagen": "https://carulla.vteximg.com.br/arquivos/ids/24770405/Helado-Cremoso-Chocolate-Belga-Gourmet-X-1-lt-644685_a.jpg?v=639100394618200000",
    "stock": 50
  }
},
{
  "model": "catalogo.producto",
  "pk": 45,
  "fields": {
    "nombre": "1/2 Litro Vainilla Gourmet",
    "descripcion": "Helado medio litro sabor vainilla",
    "marca": 2,
    "presentacion": 7,
    "precio": "24900.00",
    "imagen": "https://mercacentro.vtexassets.com/arquivos/ids/162663-1200-auto?v=638932264501300000&width=1200&height=auto&aspect=true",
    "stock": 50
  }
},
{
  "model": "catalogo.producto",
  "pk": 46,
  "fields": {
    "nombre": "1/2 Litro Mandarina Gourmet",
    "descripcion": "Helado medio litro sabor mandarina",
    "marca": 2,
    "presentacion": 7,
    "precio": "24900.00",
    "imagen": "https://corporativo.heladospopsy.com/wp-content/uploads/2023/03/MandarinaNieve-min.png.webp",
    "stock": 50
  }
},
{
  "model": "catalogo.producto",
  "pk": 56,
  "fields": {
    "nombre": "Helado COLOMBINA vainilla x 2500g",
    "descripcion": "Helado sabor vainilla",
    "marca": 3,
    "presentacion": 7,
    "precio": "52800.00",
    "imagen": "https://exitocol.vtexassets.com/arquivos/ids/32876538/Helado-Vainilla-COLOMBINA-2200-gr-3469532_a.jpg?v=639100386750270000",
    "stock": 50
  }
},
{
  "model": "catalogo.producto",
  "pk": 57,
  "fields": {
    "nombre": "Helado COLOMBINA frutos rojos x 2500g",
    "descripcion": "Helado sabor frutos rojos",
    "marca": 3,
    "presentacion": 7,
    "precio": "56000.00",
    "imagen": "https://exitocol.vtexassets.com/arquivos/ids/32876537/Helado-Frutos-Rojos-COLOMBINA-2200-gr-3470306_a.jpg?v=639100386738300000",
    "stock": 50
  }
},
{
  "model": "catalogo.producto",
  "pk": 58,
  "fields": {
    "nombre": "Helado BON BON BUM fresa x 300g",
    "descripcion": "Helado sabor fresa de la linea Bon Bon Bum",
    "marca": 3,
    "presentacion": 7,
    "precio": "21950.00",
    "imagen": "https://prodcdnmobisoft.oxxodomicilios.com/01J1Y9PANMVZSSD2DEH5ZZ5XQT.png",
    "stock": 50
  }
},
{
  "model": "catalogo.producto",
  "pk": 59,
  "fields": {
    "nombre": "Helado Nucita sabor Avellana y crema x 600g",
    "descripcion": "Helado sabor avellana y crema",
    "marca": 3,
    "presentacion": 7,
    "precio": "23900.00",
    "imagen": "https://olimpica.vtexassets.com/arquivos/ids/1833839-800-auto?aspect=true&height=auto&v=638791175928330000&width=800",
    "stock": 50
  }
},
{
  "model": "catalogo.producto",
  "pk": 60,
  "fields": {
    "nombre": "Helado COLOMBINA ron pasas x 300g",
    "descripcion": "Helado sabor ron con pasas",
    "marca": 3,
    "presentacion": 7,
    "precio": "22700.00",
    "imagen": "https://exitocol.vtexassets.com/arquivos/ids/32876425/HELADO-RON-PASAS-COLOMBINA-300-Gramo-3003301_a.jpg?v=639100386329200000",
    "stock": 50
  }
},
{
  "model": "catalogo.producto",
  "pk": 61,
  "fields": {
    "nombre": "Helado COLOMBINA chocolate x 300g",
    "descripcion": "Helado sabor chocolate",
    "marca": 3,
    "presentacion": 7,
    "precio": "22550.00",
    "imagen": "https://exitocol.vtexassets.com/arquivos/ids/32876428/HELADO-CHOCOLATE-COLOMBINA-300-Gramo-3003304_a.jpg?v=639100386346570000",
    "stock": 50
  }
},
{
  "model": "catalogo.producto",
  "pk": 62,
  "fields": {
    "nombre": "Helado Chocoramo x 600g",
    "descripcion": "Helado sabor Chocoramo",
    "marca": 3,
    "presentacion": 7,
    "precio": "41000.00",
    "imagen": "https://megatiendas.vtexassets.com/arquivos/ids/177190-800-auto?aspect=true&height=auto&v=638956225755200000&width=800",
    "stock": 50
  }
},
{
  "model": "catalogo.producto",
  "pk": 63,
  "fields": {
    "nombre": "Postre de helado COLOMBINA torta frutos del bosque x 900g",
    "descripcion": "Torta de helado frutos del bosque",
    "marca": 3,
    "presentacion": 5,
    "precio": "55600.00",
    "imagen": "https://exitocol.vtexassets.com/arquivos/ids/32876353/Torta-Frutos-Del-Bosque-900g-102257_a.jpg?v=639100385900600000",
    "stock": 50
  }
},
{
  "model": "catalogo.producto",
  "pk": 64,
  "fields": {
    "nombre": "Helado Vainilla Colanta X 0.5 Lt",
    "descripcion": "Helado de vainilla elaborado principalmente con leche entera",
    "marca": 4,
    "presentacion": 7,
    "precio": "14400.00",
    "imagen": "https://colanta.com/sabe-mas/wp-content/uploads/2020/01/Helado-Colanta-Vainilla-0.5-Litros.png",
    "stock": 50
  }
},
{
  "model": "catalogo.producto",
  "pk": 65,
  "fields": {
    "nombre": "Helado Brownie Colanta X 0.5 Lt",
    "descripcion": "Helado de brownie elaborado principalmente con leche entera",
    "marca": 4,
    "presentacion": 7,
    "precio": "14400.00",
    "imagen": "https://colanta.com/sabe-mas/wp-content/uploads/2020/01/05-Litro-Helado-Colanta-de-BROWNIE-PRESENTACIONES-1000x1000.png",
    "stock": 50
  }
},
{
  "model": "catalogo.producto",
  "pk": 66,
  "fields": {
    "nombre": "Helado Vainilla Chips Colanta X 0.5 Lt",
    "descripcion": "Helado de vainilla chips elaborado principalmente con leche entera",
    "marca": 4,
    "presentacion": 7,
    "precio": "14400.00",
    "imagen": "https://colanta.com/sabe-mas/wp-content/uploads/2021/10/Vainilla-chips-medio-L.jpg",
    "stock": 50
  }
},
{
  "model": "catalogo.producto",
  "pk": 67,
  "fields": {
    "nombre": "Helado Vainilla Colanta X 1 Lt",
    "descripcion": "Helado de vainilla elaborado principalmente con leche entera",
    "marca": 4,
    "presentacion": 7,
    "precio": "24400.00",
    "imagen": "https://colanta.com/sabe-mas/wp-content/uploads/2020/01/Helado-Colanta-Vainilla-1-Litro.jpg",
    "stock": 50
  }
},
{
  "model": "catalogo.producto",
  "pk": 68,
  "fields": {
    "nombre": "Helado Brownie Colanta X 1 Lt",
    "descripcion": "Helado de brownie elaborado principalmente con leche entera",
    "marca": 4,
    "presentacion": 7,
    "precio": "24400.00",
    "imagen": "https://colanta.com/sabe-mas/wp-content/uploads/2020/01/1-Litro-Helado-Colanta-de-BROWNIE-PRESENTACIONES-1000x1000.png",
    "stock": 50
  }
},
{
  "model": "catalogo.producto",
  "pk": 69,
  "fields": {
    "nombre": "Helado Chocolate Colanta X 1 Lt",
    "descripcion": "Helado de chocolate elaborado principalmente con leche entera",
    "marca": 4,
    "presentacion": 7,
    "precio": "24400.00",
    "imagen": "https://colanta.com/sabe-mas/wp-content/uploads/Chocolate-5L-informacion-nutricional.png",
    "stock": 50
  }
},
{
  "model": "catalogo.producto",
  "pk": 70,
  "fields": {
    "nombre": "Helado Vainilla Chips Colanta X 1 Lt",
    "descripcion": "Helado de vainilla chips elaborado principalmente con leche entera",
    "marca": 4,
    "presentacion": 7,
    "precio": "24400.00",
    "imagen": "https://colanta.com/sabe-mas/wp-content/uploads/2021/10/Vainilla-chips-1L.jpg",
    "stock": 50
  }
},
{
  "model": "catalogo.producto",
  "pk": 71,
  "fields": {
    "nombre": "Helado Chocolate Colanta X 5 Lt",
    "descripcion": "Helado de chocolate elaborado principalmente con leche entera",
    "marca": 4,
    "presentacion": 7,
    "precio": "45900.00",
    "imagen": "https://colanta.com/sabe-mas/wp-content/uploads/2020/01/05-Litro-Helado-Colanta-de-CHOCOLATE-1000x1000.png",
    "stock": 50
  }
},
{
  "model": "catalogo.producto",
  "pk": 72,
  "fields": {
    "nombre": "Helado Brownie Colanta X 5 Lt",
    "descripcion": "Helado de brownie elaborado principalmente con leche entera",
    "marca": 4,
    "presentacion": 7,
    "precio": "45900.00",
    "imagen": "https://colanta.com/sabe-mas/wp-content/uploads/Brownie-5L-informacion-nutricional-1.png",
    "stock": 50
  }
},
{
  "model": "catalogo.producto",
  "pk": 73,
  "fields": {
    "nombre": "Helado Vainilla Chips Colanta X 5 Lt",
    "descripcion": "Helado de vainilla chips elaborado principalmente con leche entera",
    "marca": 4,
    "presentacion": 7,
    "precio": "45900.00",
    "imagen": "https://encrypted-tbn0.gstatic.com/images?q=tbn:ANd9GcT3kgDJI7uLlre0JtisAPsFkq1vooMSZ752OpJEbQCcJQ&s",
    "stock": 50
  }
}
]

